{"cameraMode":{"drawMode":0,"name":"Shaded","section":"Shading Mode"},"sceneLighting":false,"audioPlay":false,"sceneViewState":{"m_AlwaysRefresh":false,"showFog":true,"showSkybox":false,"showFlares":true,"showImageEffects":true,"showParticleSystems":true,"showVisualEffectGraphs":true,"m_FxEnabled":true},"in2DMode":false,"pivot":{"x":0.04888713359832764,"y":1.2998455645174545e-8,"z":-0.10903893411159516},"rotation":{"x":-0.18052798509597779,"y":0.007838076911866665,"z":-0.0016823768382892013,"w":-0.9837204217910767},"size":1.6651211977005005,"orthographic":false}