{"cameraMode":{"drawMode":0,"name":"Shaded","section":"Shading Mode"},"sceneLighting":false,"audioPlay":false,"sceneViewState":{"m_AlwaysRefresh":false,"showFog":true,"showSkybox":false,"showFlares":true,"showImageEffects":true,"showParticleSystems":true,"showVisualEffectGraphs":true,"m_FxEnabled":true},"in2DMode":false,"pivot":{"x":0.5856106281280518,"y":0.5155661106109619,"z":0.48226332664489748},"rotation":{"x":-0.27636468410491946,"y":0.2003863900899887,"z":-0.05923926830291748,"w":-0.9382401704788208},"size":2.066025495529175,"orthographic":false}