{"cameraMode":{"drawMode":0,"name":"Shaded","section":"Shading Mode"},"sceneLighting":false,"audioPlay":false,"sceneViewState":{"m_AlwaysRefresh":false,"showFog":true,"showSkybox":false,"showFlares":true,"showImageEffects":true,"showParticleSystems":true,"showVisualEffectGraphs":true,"m_FxEnabled":true},"in2DMode":false,"pivot":{"x":0.31800419092178347,"y":1.1038939952850342,"z":-0.5057212114334106},"rotation":{"x":0.4117470383644104,"y":-0.021867811679840089,"z":0.009883851744234562,"w":0.9109839797019959},"size":2.2119202613830568,"orthographic":false}